{"glyphs":{"0":{"x_min":52,"x_max":600,"ha":652,"o":"m 489 383 q 474 547 489 476 q 435 664 459 617 q 379 735 411 711 q 312 760 347 760 q 250 741 278 760 q 203 683 222 722 q 173 583 184 644 q 163 437 163 522 q 176 273 163 344 q 213 154 190 202 q 269 82 236 106 q 339 58 301 58 q 402 76 374 58 q 449 134 430 95 q 478 236 468 174 q 489 383 489 297 m 600 408 q 579 243 600 321 q 521 106 558 165 q 430 14 483 48 q 312 -20 377 -20 q 199 14 248 -20 q 118 106 150 48 q 68 243 85 165 q 52 408 52 321 q 73 574 52 496 q 131 710 94 652 q 222 803 169 769 q 339 838 274 838 q 452 804 403 838 q 533 711 501 770 q 583 575 566 653 q 600 408 600 496 "},"1":{"x_min":93.84375,"x_max":569.546875,"ha":652,"o":"m 114 0 l 114 35 q 203 49 167 42 q 259 65 238 57 q 289 81 280 73 q 298 96 298 89 l 298 637 q 295 679 298 664 q 285 703 293 694 q 270 710 281 707 q 237 712 258 713 q 184 707 216 711 q 108 694 152 703 l 93 728 q 161 751 122 736 q 240 781 200 765 q 316 815 280 798 q 374 844 352 831 l 400 820 l 400 96 q 407 82 400 90 q 433 66 414 74 q 485 50 452 58 q 569 35 518 42 l 569 0 l 114 0 "},"2":{"x_min":66.421875,"x_max":567,"ha":652,"o":"m 557 0 l 86 0 l 66 50 q 207 215 147 143 q 309 343 267 287 q 380 440 352 398 q 424 514 408 481 q 446 574 440 547 q 453 627 453 601 q 445 685 453 658 q 421 733 438 713 q 379 765 405 753 q 316 777 353 777 q 265 763 288 777 q 225 729 242 749 q 199 683 208 708 q 189 633 189 657 q 169 622 178 627 q 150 612 160 616 q 129 605 141 608 q 103 600 118 602 l 84 621 q 108 694 84 656 q 171 764 132 732 q 260 817 210 796 q 362 838 310 838 q 439 826 403 838 q 501 791 474 814 q 542 731 527 768 q 558 645 558 695 q 549 584 558 615 q 521 518 540 554 q 473 441 503 483 q 402 346 444 398 q 305 228 359 293 q 180 82 250 163 l 463 82 q 484 87 475 82 q 500 100 493 92 q 512 119 507 109 q 521 142 517 130 q 532 202 529 168 l 567 194 l 557 0 "},"3":{"x_min":46.109375,"x_max":560,"ha":652,"o":"m 560 258 q 541 150 560 201 q 487 62 523 100 q 398 2 451 24 q 275 -20 345 -20 q 221 -15 248 -20 q 164 1 193 -10 q 106 32 135 13 q 46 81 76 52 l 69 126 q 125 88 99 103 q 173 64 150 73 q 218 51 195 55 q 266 48 240 48 q 341 61 307 48 q 400 98 375 74 q 437 158 424 123 q 451 236 451 193 q 434 322 451 287 q 394 380 418 358 q 338 413 369 403 q 277 423 307 423 l 263 423 q 255 422 259 423 q 246 420 251 421 q 231 418 241 420 l 222 458 q 321 498 284 475 q 379 544 359 520 q 405 592 399 568 q 412 637 412 616 q 404 685 412 661 q 382 730 397 710 q 344 764 367 751 q 288 777 321 777 q 240 767 261 777 q 204 741 218 758 q 184 704 190 725 q 182 660 178 683 q 138 642 159 648 q 88 633 117 635 l 70 654 q 91 715 70 683 q 147 774 112 747 q 229 820 182 802 q 327 838 275 838 q 414 821 378 838 q 474 778 450 805 q 509 718 498 751 q 521 650 521 684 q 510 599 521 624 q 482 551 500 574 q 436 508 463 528 q 376 473 409 488 q 448 450 415 469 q 506 402 482 431 q 545 337 531 374 q 560 258 560 300 "},"4":{"x_min":37.53125,"x_max":593.046875,"ha":652,"o":"m 397 705 l 144 312 l 397 312 l 397 705 m 593 291 q 566 259 578 269 q 539 237 555 248 l 492 237 l 492 70 q 496 60 492 65 q 510 51 500 56 q 540 40 521 46 q 586 29 558 35 l 586 0 l 254 0 l 254 29 q 326 43 298 36 q 369 55 354 49 q 391 66 385 60 q 397 77 397 71 l 397 237 l 59 237 l 37 259 l 373 795 q 424 820 402 808 q 466 844 447 833 l 492 820 l 492 312 l 575 312 l 593 291 "},"5":{"x_min":52.421875,"x_max":567,"ha":652,"o":"m 567 278 q 548 165 567 219 q 496 70 530 111 q 411 4 462 28 q 297 -20 361 -20 q 173 3 234 -20 q 52 81 111 26 l 76 126 q 141 86 112 101 q 196 62 171 71 q 242 51 221 54 q 283 48 263 48 q 359 64 327 48 q 414 109 392 81 q 447 174 436 138 q 458 248 458 210 q 446 332 458 294 q 412 397 435 370 q 355 439 390 424 q 272 454 320 454 q 240 450 258 454 q 201 440 221 447 q 161 423 181 433 q 124 399 141 413 l 92 422 q 101 478 96 446 q 113 546 107 511 q 124 620 118 582 q 135 693 130 658 q 143 761 139 729 q 148 817 146 793 l 443 817 q 478 818 463 817 q 504 823 493 820 q 526 829 516 825 l 545 809 q 528 786 538 798 q 508 764 518 774 q 488 744 498 753 q 470 729 478 735 l 207 729 q 202 678 206 709 q 195 615 199 647 q 186 554 190 583 q 178 511 181 526 q 242 524 205 519 q 313 529 278 529 q 422 508 375 529 q 501 453 469 487 q 550 373 533 418 q 567 278 567 327 "},"6":{"x_min":75,"x_max":598,"ha":652,"o":"m 339 447 q 263 427 305 447 q 184 363 221 408 q 197 223 184 282 q 234 126 210 165 q 293 69 259 88 q 370 51 328 51 q 430 68 406 51 q 469 112 454 85 q 489 171 483 139 q 496 235 496 204 q 480 340 496 299 q 442 405 465 381 q 392 437 419 428 q 339 447 364 447 m 598 279 q 590 213 598 247 q 569 145 583 178 q 533 82 554 112 q 483 29 511 52 q 420 -6 455 7 q 343 -20 385 -20 q 239 4 288 -20 q 153 74 190 29 q 96 181 117 118 q 75 320 75 244 q 102 504 75 416 q 187 662 130 592 q 330 781 244 733 q 535 847 417 830 l 548 807 q 406 751 468 788 q 299 666 343 714 q 227 559 255 617 q 190 440 200 501 q 238 479 213 463 q 286 504 263 494 q 330 517 309 513 q 367 522 351 522 q 465 505 422 522 q 537 456 507 488 q 582 380 566 425 q 598 279 598 335 "},"7":{"x_min":70.53125,"x_max":600.234375,"ha":652,"o":"m 600 791 q 537 643 569 718 q 475 496 505 568 q 417 355 444 423 q 365 226 389 287 q 323 116 342 166 q 293 30 304 66 q 243 1 269 13 q 183 -20 217 -11 l 155 2 q 261 200 214 106 q 347 382 307 294 q 423 556 387 471 q 497 729 459 642 l 189 729 q 169 728 179 729 q 149 719 160 727 q 127 690 139 710 q 101 630 115 669 l 70 642 q 75 682 72 658 q 83 730 79 705 q 91 778 87 755 q 99 817 95 802 l 577 817 l 600 791 "},"8":{"x_min":64,"x_max":588,"ha":652,"o":"m 186 644 q 200 592 186 614 q 239 553 215 570 q 295 521 264 535 q 361 491 327 506 q 431 563 410 527 q 452 636 452 599 q 441 697 452 671 q 411 740 430 723 q 365 765 393 757 q 305 774 338 774 q 252 762 274 774 q 215 732 230 750 q 193 690 201 713 q 186 644 186 667 m 479 210 q 463 286 479 254 q 421 341 447 318 q 362 381 395 364 q 294 414 329 398 q 239 367 262 390 q 201 321 216 345 q 180 271 187 297 q 173 214 173 244 q 184 148 173 178 q 217 95 195 117 q 269 60 239 73 q 339 48 300 48 q 403 62 376 48 q 446 99 429 76 q 471 151 463 122 q 479 210 479 180 m 588 239 q 565 139 588 186 q 504 56 543 92 q 414 0 465 21 q 306 -20 363 -20 q 202 -2 247 -20 q 127 45 158 15 q 79 113 95 74 q 64 193 64 151 q 76 264 64 230 q 112 329 89 298 q 168 387 135 360 q 242 437 201 414 q 187 466 213 450 q 141 504 161 483 q 110 554 121 526 q 99 620 99 582 q 117 707 99 667 q 168 776 136 747 q 245 821 201 805 q 340 838 289 838 q 431 824 391 838 q 498 787 470 810 q 539 730 525 763 q 554 657 554 696 q 543 603 554 629 q 514 554 533 578 q 471 509 496 531 q 415 466 445 488 q 480 430 449 450 q 535 383 512 410 q 573 321 559 356 q 588 239 588 285 "},"9":{"x_min":68,"x_max":590,"ha":652,"o":"m 326 377 q 412 403 373 377 q 481 471 452 429 q 463 612 479 555 q 424 703 447 669 q 371 751 400 737 q 315 766 342 766 q 254 752 281 766 q 208 713 226 738 q 179 654 189 688 q 170 580 170 620 q 185 478 170 518 q 223 416 200 439 q 274 385 246 393 q 326 377 301 377 m 590 495 q 562 304 590 392 q 477 147 534 215 q 333 33 420 79 q 128 -29 246 -12 l 116 11 q 272 70 206 33 q 381 155 337 106 q 447 263 424 203 q 478 391 471 323 q 438 354 459 371 q 392 326 416 337 q 344 308 369 314 q 297 302 320 302 q 200 319 242 302 q 128 369 158 337 q 83 444 99 401 q 68 539 68 488 q 77 608 68 572 q 103 677 86 644 q 145 739 120 710 q 200 790 170 768 q 267 824 231 811 q 343 837 303 837 q 435 817 390 837 q 514 756 479 797 q 569 649 548 714 q 590 495 590 585 "}},"cssFontWeight":"normal","ascender":1214,"underlinePosition":-250,"cssFontStyle":"normal","boundingBox":{"yMin":-492,"xMin":-697.21875,"yMax":1471.453125,"xMax":1356},"resolution":1000,"original_font_information":{"postscript_name":"Gentilis-Regular","version_string":"Version 1.100","vendor_url":"http://scripts.sil.org/","full_font_name":"Gentilis","font_family_name":"Gentilis","copyright":"Copyright (c) SIL International, 2003-2008.","description":"","trademark":"Gentium is a trademark of SIL International.","designer":"J. Victor Gaultney and Annie Olsen","designer_url":"http://www.sil.org/~gaultney",